participant_id	gender	age
sub-001	M	24
sub-002	M	25
sub-003	F	27
sub-004	M	25
sub-005	M	27
sub-006	M	30
sub-008	F	27
sub-009	M	26
sub-010	F	21
sub-011	M	30
sub-013	M	26
sub-014	F	30
sub-015	F	26
sub-016	F	20
sub-017	F	24
sub-018	F	22
sub-019	M	25
sub-020	M	22
sub-021	F	22
sub-022	M	27
sub-024	M	21
sub-025	M	25
sub-026	M	24
sub-027	F	27
sub-029	M	25
sub-030	F	24
sub-032	F	23
sub-033	M	23
sub-035	M	32
sub-036	F	24
sub-037	F	25
sub-038	M	25
sub-039	F	28
sub-040	M	22
sub-041	F	27
sub-043	M	28
sub-044	M	23
sub-045	F	28
sub-046	M	25
sub-047	M	27
sub-049	F	27
sub-050	M	34
sub-051	F	28
sub-052	M	22
sub-053	F	30
sub-054	F	35
sub-055	F	37
sub-056	F	22
sub-057	F	23
sub-058	F	25
sub-059	M	24
sub-060	F	27
sub-061	F	32
sub-062	F	23
sub-063	F	25
sub-064	M	24
sub-066	M	27
sub-067	F	24
sub-068	M	19
sub-069	F	23
sub-070	F	22
sub-071	F	21
sub-072	F	22
sub-073	M	23
sub-074	F	24
sub-075	F	23
sub-076	M	33
sub-077	M	22
sub-079	F	28
sub-080	F	31
sub-081	F	33
sub-082	F	31
sub-083	M	26
sub-084	M	26
sub-085	M	26
sub-087	F	22
sub-088	F	22
sub-089	M	26
sub-090	F	22
sub-092	F	28
sub-093	F	30
sub-094	M	24
sub-095	M	26
sub-096	F	22
sub-098	M	27
sub-099	M	27
sub-100	M	30
sub-102	F	18
sub-103	F	26
sub-104	M	25
sub-105	F	26
sub-106	F	22
sub-107	M	25
sub-108	F	30
sub-109	M	27
sub-110	F	21
sub-112	M	31
sub-113	F	21
sub-114	F	33
sub-115	M	25
sub-116	F	22
sub-117	F	24
sub-118	F	23
sub-119	F	26
sub-120	F	20
sub-121	F	25
sub-123	M	24
sub-124	M	25
