ID	age	sex	handedness
AnnArbor_sub00306	68	F	n/a
AnnArbor_sub04111	25	M	R
AnnArbor_sub04619	18	M	R
AnnArbor_sub05580	77	F	n/a
AnnArbor_sub07921	19	F	n/a
AnnArbor_sub11043	21	F	n/a
AnnArbor_sub13636	29	M	R
AnnArbor_sub13959	31	M	R
AnnArbor_sub15846	70	F	n/a
AnnArbor_sub16960	13	M	R
AnnArbor_sub18546	20	M	n/a
AnnArbor_sub18698	29	M	R
AnnArbor_sub20317	15	M	R
AnnArbor_sub26099	73	M	n/a
AnnArbor_sub28433	21	M	R
AnnArbor_sub30250	19	F	n/a
AnnArbor_sub30421	17	M	R
AnnArbor_sub31218	n/a	M	n/a
AnnArbor_sub33437	19	F	n/a
AnnArbor_sub34781	19	M	R
AnnArbor_sub38614	14	M	R
AnnArbor_sub39635	19	F	n/a
AnnArbor_sub39923	70	M	n/a
AnnArbor_sub42616	21	F	n/a
AnnArbor_sub43409	71	M	n/a
AnnArbor_sub45569	63	F	n/a
AnnArbor_sub45660	16	M	R
AnnArbor_sub46727	13	F	R
AnnArbor_sub47191	27	M	L
AnnArbor_sub47659	33	M	R
AnnArbor_sub49687	13	M	L
AnnArbor_sub50859	79	F	n/a
AnnArbor_sub51248	40	M	R
AnnArbor_sub53269	21	M	n/a
AnnArbor_sub53959	20	M	n/a
AnnArbor_sub56028	26	F	R
AnnArbor_sub56686	20	F	R
AnnArbor_sub57025	68	F	n/a
AnnArbor_sub57196	77	F	n/a
AnnArbor_sub59573	19	F	n/a
AnnArbor_sub62819	65	M	n/a
AnnArbor_sub64831	19	M	n/a
AnnArbor_sub64969	21	F	n/a
AnnArbor_sub66506	78	F	n/a
AnnArbor_sub70106	17	M	R
AnnArbor_sub72215	20	M	n/a
AnnArbor_sub72416	80	M	n/a
AnnArbor_sub73168	78	M	n/a
AnnArbor_sub73812	28	M	n/a
AnnArbor_sub75922	18	M	R
AnnArbor_sub78151	23	M	n/a
AnnArbor_sub82334	14	M	R
AnnArbor_sub85257	26	M	n/a
AnnArbor_sub86367	15	M	R
AnnArbor_sub87745	14	M	R
AnnArbor_sub90127	77	M	n/a
AnnArbor_sub90950	66	M	n/a
AnnArbor_sub96621	15	M	R
AnnArbor_sub97518	21	F	n/a
AnnArbor_sub98007	66	F	n/a
AnnArbor_sub99692	66	F	n/a
Atlanta_sub00354	28	F	R
Atlanta_sub00368	28	F	R
Atlanta_sub06870	57	M	L
Atlanta_sub07145	22	F	R
Atlanta_sub15817	31	M	n/a
Atlanta_sub16563	n/a	n/a	n/a
Atlanta_sub18219	33	F	R
Atlanta_sub18702	23	M	R
Atlanta_sub24972	24	F	R
Atlanta_sub26938	31	M	R
Atlanta_sub32093	27	F	R
Atlanta_sub49816	27	M	R
Atlanta_sub52783	n/a	n/a	n/a
Atlanta_sub53122	28	M	R
Atlanta_sub55652	25	F	L
Atlanta_sub58250	54	F	R
Atlanta_sub59806	23	F	L
Atlanta_sub60499	29	M	R
Atlanta_sub61442	29	F	R
Atlanta_sub61902	23	M	R
Atlanta_sub71337	27	M	R
Atlanta_sub72096	23	M	L
Atlanta_sub72971	30	M	R
Atlanta_sub75153	32	F	R
Atlanta_sub76280	23	F	R
Atlanta_sub81596	53	M	R
Atlanta_sub86323	31	F	R
Atlanta_sub91049	48	F	R
Baltimore_sub17017	22	F	n/a
Baltimore_sub19738	27	F	n/a
Baltimore_sub23750	37	M	n/a
Baltimore_sub23927	21	M	n/a
Baltimore_sub29158	20	F	n/a
Baltimore_sub30072	26	F	n/a
Baltimore_sub31837	34	F	n/a
Baltimore_sub37548	30	M	n/a
Baltimore_sub52358	40	F	n/a
Baltimore_sub54257	29	F	n/a
Baltimore_sub54329	30	F	n/a
Baltimore_sub73823	24	F	n/a
Baltimore_sub76160	34	M	n/a
Baltimore_sub77572	27	F	n/a
Baltimore_sub80221	26	M	n/a
Baltimore_sub81887	32	M	n/a
Baltimore_sub85922	30	M	n/a
Baltimore_sub86414	23	F	n/a
Baltimore_sub90658	32	F	n/a
Baltimore_sub90893	39	F	n/a
Baltimore_sub91622	33	M	n/a
Baltimore_sub94042	27	F	n/a
Baltimore_sub96234	30	F	n/a
Bangor_sub00031	29	M	n/a
Bangor_sub01903	21	M	n/a
Bangor_sub03557	21	M	n/a
Bangor_sub04097	36	M	n/a
Bangor_sub14388	21	M	n/a
Bangor_sub27519	20	M	n/a
Bangor_sub36736	22	M	n/a
Bangor_sub46870	28	M	n/a
Bangor_sub48632	22	M	n/a
Bangor_sub61418	21	M	n/a
Bangor_sub61908	22	M	n/a
Bangor_sub63767	19	M	n/a
Bangor_sub66585	19	M	n/a
Bangor_sub68050	23	M	n/a
Bangor_sub73082	19	M	n/a
Bangor_sub77520	23	M	n/a
Bangor_sub81464	38	M	n/a
Bangor_sub82625	21	M	n/a
Bangor_sub87568	21	M	n/a
Bangor_sub91556	22	M	n/a
Beijing_sub00440	24	F	n/a
Beijing_sub01018	18	M	n/a
Beijing_sub01244	25	F	n/a
Beijing_sub02403	20	M	n/a
Beijing_sub04050	21	F	n/a
Beijing_sub04191	24	M	n/a
Beijing_sub05267	19	F	n/a
Beijing_sub06880	18	M	n/a
Beijing_sub06899	19	F	n/a
Beijing_sub07144	20	M	n/a
Beijing_sub07716	23	M	n/a
Beijing_sub07717	22	F	n/a
Beijing_sub08001	21	F	n/a
Beijing_sub08251	24	M	n/a
Beijing_sub08455	25	M	n/a
Beijing_sub08816	21	F	n/a
Beijing_sub08992	20	F	n/a
Beijing_sub10186	19	M	n/a
Beijing_sub10277	22	F	n/a
Beijing_sub10869	23	F	n/a
Beijing_sub10973	21	M	n/a
Beijing_sub11072	25	F	n/a
Beijing_sub11344	21	F	n/a
Beijing_sub12220	22	F	n/a
Beijing_sub14238	20	M	n/a
Beijing_sub15441	19	F	n/a
Beijing_sub16091	23	F	n/a
Beijing_sub16943	26	F	n/a
Beijing_sub17093	23	F	n/a
Beijing_sub17159	19	M	n/a
Beijing_sub17315	20	F	n/a
Beijing_sub17586	19	M	n/a
Beijing_sub17603	21	M	n/a
Beijing_sub17642	24	M	n/a
Beijing_sub17688	19	F	n/a
Beijing_sub18326	21	F	n/a
Beijing_sub18758	20	M	n/a
Beijing_sub18960	23	M	n/a
Beijing_sub19642	21	F	n/a
Beijing_sub19974	21	F	n/a
Beijing_sub20127	21	F	n/a
Beijing_sub20246	20	F	n/a
Beijing_sub20765	20	M	n/a
Beijing_sub20948	23	F	n/a
Beijing_sub21115	21	F	n/a
Beijing_sub22201	19	M	n/a
Beijing_sub22595	21	F	n/a
Beijing_sub22661	21	F	n/a
Beijing_sub22715	19	F	n/a
Beijing_sub22890	18	M	n/a
Beijing_sub26713	21	F	n/a
Beijing_sub28206	22	M	n/a
Beijing_sub28403	20	M	n/a
Beijing_sub28698	18	F	n/a
Beijing_sub28792	20	M	n/a
Beijing_sub28801	22	F	n/a
Beijing_sub28907	23	M	n/a
Beijing_sub28965	19	F	n/a
Beijing_sub29590	21	F	n/a
Beijing_sub29785	22	F	n/a
Beijing_sub30272	23	F	n/a
Beijing_sub30310	22	F	n/a
Beijing_sub30556	22	M	n/a
Beijing_sub30616	21	M	n/a
Beijing_sub30988	23	F	n/a
Beijing_sub31058	20	M	n/a
Beijing_sub31729	22	F	n/a
Beijing_sub32517	21	M	n/a
Beijing_sub32587	20	F	n/a
Beijing_sub33747	26	F	n/a
Beijing_sub33943	20	F	n/a
Beijing_sub33991	20	F	n/a
Beijing_sub34895	22	F	n/a
Beijing_sub34943	21	F	n/a
Beijing_sub35309	22	M	n/a
Beijing_sub35776	24	M	n/a
Beijing_sub35806	22	M	n/a
Beijing_sub36580	23	M	n/a
Beijing_sub36942	23	F	n/a
Beijing_sub37602	21	F	n/a
Beijing_sub38602	20	F	n/a
Beijing_sub39725	20	M	n/a
Beijing_sub40037	20	F	n/a
Beijing_sub40427	21	F	n/a
Beijing_sub41170	20	F	n/a
Beijing_sub41621	19	F	n/a
Beijing_sub42512	20	M	n/a
Beijing_sub42555	18	F	n/a
Beijing_sub42843	20	F	n/a
Beijing_sub43290	20	M	n/a
Beijing_sub44573	19	F	n/a
Beijing_sub45552	18	F	n/a
Beijing_sub46058	25	M	n/a
Beijing_sub46259	19	M	n/a
Beijing_sub46541	21	M	n/a
Beijing_sub48501	23	F	n/a
Beijing_sub48563	20	F	n/a
Beijing_sub48676	21	M	n/a
Beijing_sub49782	19	F	n/a
Beijing_sub50498	21	F	n/a
Beijing_sub50873	22	F	n/a
Beijing_sub50972	24	F	n/a
Beijing_sub50985	19	F	n/a
Beijing_sub51015	20	F	n/a
Beijing_sub51586	22	M	n/a
Beijing_sub52044	22	F	n/a
Beijing_sub52259	21	M	n/a
Beijing_sub53572	20	M	n/a
Beijing_sub53998	20	F	n/a
Beijing_sub54890	21	F	n/a
Beijing_sub55301	23	F	n/a
Beijing_sub55541	25	M	n/a
Beijing_sub55736	19	M	n/a
Beijing_sub55856	22	F	n/a
Beijing_sub56136	22	M	n/a
Beijing_sub56659	23	F	n/a
Beijing_sub56703	21	M	n/a
Beijing_sub56757	21	M	n/a
Beijing_sub58029	26	F	n/a
Beijing_sub58332	21	M	n/a
Beijing_sub58614	19	M	n/a
Beijing_sub59347	21	M	n/a
Beijing_sub59448	20	M	n/a
Beijing_sub61961	21	F	n/a
Beijing_sub62083	20	F	n/a
Beijing_sub62438	21	M	n/a
Beijing_sub62843	19	F	n/a
Beijing_sub62966	19	M	n/a
Beijing_sub64923	21	F	n/a
Beijing_sub65467	21	M	n/a
Beijing_sub65659	21	M	n/a
Beijing_sub66158	21	F	n/a
Beijing_sub66528	22	F	n/a
Beijing_sub66781	21	M	n/a
Beijing_sub66889	23	M	n/a
Beijing_sub67435	20	F	n/a
Beijing_sub67844	20	F	n/a
Beijing_sub68012	24	F	n/a
Beijing_sub68597	19	F	n/a
Beijing_sub69518	21	F	n/a
Beijing_sub69696	18	M	n/a
Beijing_sub71693	23	M	n/a
Beijing_sub72654	22	F	n/a
Beijing_sub72678	20	F	n/a
Beijing_sub73098	20	F	n/a
Beijing_sub73245	24	F	n/a
Beijing_sub73279	20	F	n/a
Beijing_sub73421	19	F	n/a
Beijing_sub74386	20	F	n/a
Beijing_sub74587	20	F	n/a
Beijing_sub75878	24	M	n/a
Beijing_sub76377	24	M	n/a
Beijing_sub77440	24	F	n/a
Beijing_sub80163	24	F	n/a
Beijing_sub80551	20	F	n/a
Beijing_sub80569	22	M	n/a
Beijing_sub80927	19	F	n/a
Beijing_sub81062	22	F	n/a
Beijing_sub81074	20	F	n/a
Beijing_sub82352	24	F	n/a
Beijing_sub82426	23	F	n/a
Beijing_sub82714	20	F	n/a
Beijing_sub82826	20	F	n/a
Beijing_sub82980	20	M	n/a
Beijing_sub83430	18	F	n/a
Beijing_sub83624	20	F	n/a
Beijing_sub83728	21	M	n/a
Beijing_sub85030	22	M	n/a
Beijing_sub85543	20	F	n/a
Beijing_sub85818	23	F	n/a
Beijing_sub86114	22	F	n/a
Beijing_sub87089	24	F	n/a
Beijing_sub87776	21	F	n/a
Beijing_sub88306	19	F	n/a
Beijing_sub88947	21	F	n/a
Beijing_sub89088	19	F	n/a
Beijing_sub89238	22	F	n/a
Beijing_sub89592	21	M	n/a
Beijing_sub89742	21	M	n/a
Beijing_sub89941	18	M	n/a
Beijing_sub91145	21	M	n/a
Beijing_sub91399	21	M	n/a
Beijing_sub91952	22	F	n/a
Beijing_sub92430	21	M	n/a
Beijing_sub92490	20	M	n/a
Beijing_sub92544	22	M	n/a
Beijing_sub92602	26	M	n/a
Beijing_sub92799	23	F	n/a
Beijing_sub92859	21	F	n/a
Beijing_sub93689	19	F	n/a
Beijing_sub93856	20	F	n/a
Beijing_sub94536	20	F	n/a
Beijing_sub95575	21	F	n/a
Beijing_sub95755	26	F	n/a
Beijing_sub96163	22	M	n/a
Beijing_sub97442	23	F	n/a
Beijing_sub98353	21	M	n/a
Beijing_sub98617	20	F	n/a
Berlin_sub06204	34	M	n/a
Berlin_sub06716	23	F	n/a
Berlin_sub12855	33	M	n/a
Berlin_sub18913	29	F	n/a
Berlin_sub23506	27	F	n/a
Berlin_sub27536	25	M	n/a
Berlin_sub27711	26	F	n/a
Berlin_sub27797	31	M	n/a
Berlin_sub28092	26	F	n/a
Berlin_sub33248	28	F	n/a
Berlin_sub38279	29	M	n/a
Berlin_sub40143	34	M	n/a
Berlin_sub47066	26	F	n/a
Berlin_sub47791	31	M	n/a
Berlin_sub49134	44	M	n/a
Berlin_sub54976	37	M	n/a
Berlin_sub57028	37	F	n/a
Berlin_sub67166	32	F	n/a
Berlin_sub75506	28	M	n/a
Berlin_sub77281	24	F	n/a
Berlin_sub85681	26	F	n/a
Berlin_sub86111	24	F	n/a
Berlin_sub91116	39	M	n/a
Berlin_sub91966	27	F	n/a
Berlin_sub95068	26	M	n/a
Berlin_sub97162	28	M	n/a
Cambridge_sub00156	20	F	n/a
Cambridge_sub00294	20	F	n/a
Cambridge_sub01361	19	M	n/a
Cambridge_sub02591	22	F	n/a
Cambridge_sub02953	23	F	n/a
Cambridge_sub04187	18	F	n/a
Cambridge_sub04270	20	M	n/a
Cambridge_sub04491	25	F	n/a
Cambridge_sub04665	19	F	n/a
Cambridge_sub05306	19	F	n/a
Cambridge_sub05453	20	F	n/a
Cambridge_sub06037	21	F	n/a
Cambridge_sub06272	22	M	n/a
Cambridge_sub06987	21	M	n/a
Cambridge_sub07413	20	M	n/a
Cambridge_sub07798	22	M	n/a
Cambridge_sub07902	23	F	n/a
Cambridge_sub08204	26	F	n/a
Cambridge_sub08588	21	F	n/a
Cambridge_sub08723	22	F	n/a
Cambridge_sub08947	19	F	n/a
Cambridge_sub09015	25	F	n/a
Cambridge_sub09397	30	M	n/a
Cambridge_sub09633	30	F	n/a
Cambridge_sub10268	23	M	n/a
Cambridge_sub10619	19	M	n/a
Cambridge_sub11388	20	F	n/a
Cambridge_sub12346	18	M	n/a
Cambridge_sub13093	19	F	n/a
Cambridge_sub13187	23	M	n/a
Cambridge_sub13216	18	F	n/a
Cambridge_sub13902	19	M	n/a
Cambridge_sub14183	21	F	n/a
Cambridge_sub14194	20	M	n/a
Cambridge_sub14278	21	F	n/a
Cambridge_sub15172	20	F	n/a
Cambridge_sub15258	23	M	n/a
Cambridge_sub15432	23	M	n/a
Cambridge_sub15905	20	M	n/a
Cambridge_sub16122	18	F	n/a
Cambridge_sub16390	23	F	n/a
Cambridge_sub16846	29	M	n/a
Cambridge_sub17584	20	F	n/a
Cambridge_sub17737	26	F	n/a
Cambridge_sub17772	24	M	n/a
Cambridge_sub18295	21	M	n/a
Cambridge_sub18449	19	M	n/a
Cambridge_sub19717	20	M	n/a
Cambridge_sub20389	22	F	n/a
Cambridge_sub20543	20	F	n/a
Cambridge_sub20563	23	F	n/a
Cambridge_sub21755	21	M	n/a
Cambridge_sub23780	21	M	n/a
Cambridge_sub23869	22	F	n/a
Cambridge_sub24670	23	F	n/a
Cambridge_sub24757	21	F	n/a
Cambridge_sub25044	19	F	n/a
Cambridge_sub25058	22	M	n/a
Cambridge_sub25099	26	F	n/a
Cambridge_sub26348	23	F	n/a
Cambridge_sub27065	21	M	n/a
Cambridge_sub27230	22	M	n/a
Cambridge_sub27613	18	F	n/a
Cambridge_sub27796	22	F	n/a
Cambridge_sub29044	21	F	n/a
Cambridge_sub29425	22	M	n/a
Cambridge_sub29800	24	F	n/a
Cambridge_sub31522	21	F	n/a
Cambridge_sub34586	21	M	n/a
Cambridge_sub34741	27	F	n/a
Cambridge_sub35430	20	M	n/a
Cambridge_sub35512	19	F	n/a
Cambridge_sub37374	21	F	n/a
Cambridge_sub39053	22	M	n/a
Cambridge_sub39065	19	F	n/a
Cambridge_sub39142	25	M	n/a
Cambridge_sub39737	23	M	n/a
Cambridge_sub40635	18	M	n/a
Cambridge_sub41567	20	F	n/a
Cambridge_sub41773	21	M	n/a
Cambridge_sub41814	19	F	n/a
Cambridge_sub42146	24	F	n/a
Cambridge_sub42253	20	F	n/a
Cambridge_sub43304	23	F	n/a
Cambridge_sub43358	21	F	n/a
Cambridge_sub45344	21	M	n/a
Cambridge_sub45354	19	F	n/a
Cambridge_sub45604	23	F	n/a
Cambridge_sub47162	22	F	n/a
Cambridge_sub47231	21	F	n/a
Cambridge_sub47278	20	M	n/a
Cambridge_sub47498	19	M	n/a
Cambridge_sub49259	19	F	n/a
Cambridge_sub49998	20	F	n/a
Cambridge_sub50272	18	F	n/a
Cambridge_sub50454	20	F	n/a
Cambridge_sub50953	23	F	n/a
Cambridge_sub51050	23	F	n/a
Cambridge_sub51172	18	F	n/a
Cambridge_sub51512	23	M	n/a
Cambridge_sub51671	22	F	n/a
Cambridge_sub52036	20	F	n/a
Cambridge_sub52300	23	F	n/a
Cambridge_sub52442	25	F	n/a
Cambridge_sub53059	22	F	n/a
Cambridge_sub53107	19	F	n/a
Cambridge_sub53193	20	M	n/a
Cambridge_sub53296	22	F	n/a
Cambridge_sub53615	19	M	n/a
Cambridge_sub54846	20	M	n/a
Cambridge_sub55114	21	M	n/a
Cambridge_sub55660	20	F	n/a
Cambridge_sub55874	19	F	n/a
Cambridge_sub57221	21	M	n/a
Cambridge_sub58360	23	F	n/a
Cambridge_sub58470	20	M	n/a
Cambridge_sub58682	22	F	n/a
Cambridge_sub58874	20	M	n/a
Cambridge_sub59434	21	M	n/a
Cambridge_sub59729	23	M	n/a
Cambridge_sub60578	23	F	n/a
Cambridge_sub60797	19	F	n/a
Cambridge_sub61185	26	F	n/a
Cambridge_sub61209	20	F	n/a
Cambridge_sub61436	22	F	n/a
Cambridge_sub61753	20	F	n/a
Cambridge_sub62383	22	F	n/a
Cambridge_sub62424	20	F	n/a
Cambridge_sub62732	18	F	n/a
Cambridge_sub62908	26	F	n/a
Cambridge_sub63412	19	F	n/a
Cambridge_sub63661	23	F	n/a
Cambridge_sub64308	20	F	n/a
Cambridge_sub64985	18	M	n/a
Cambridge_sub65373	18	F	n/a
Cambridge_sub65682	21	M	n/a
Cambridge_sub66351	18	F	n/a
Cambridge_sub67117	20	F	n/a
Cambridge_sub68101	21	F	n/a
Cambridge_sub68425	20	F	n/a
Cambridge_sub69287	18	F	n/a
Cambridge_sub69315	21	M	n/a
Cambridge_sub69397	20	M	n/a
Cambridge_sub71849	21	M	n/a
Cambridge_sub72068	18	F	n/a
Cambridge_sub73317	19	M	n/a
Cambridge_sub73399	18	F	n/a
Cambridge_sub73477	22	F	n/a
Cambridge_sub76631	19	M	n/a
Cambridge_sub76745	20	M	n/a
Cambridge_sub77337	19	M	n/a
Cambridge_sub77435	19	F	n/a
Cambridge_sub77598	22	M	n/a
Cambridge_sub77989	22	F	n/a
Cambridge_sub78547	19	F	n/a
Cambridge_sub78552	19	F	n/a
Cambridge_sub78614	21	F	n/a
Cambridge_sub80557	22	M	n/a
Cambridge_sub81289	19	F	n/a
Cambridge_sub81524	24	F	n/a
Cambridge_sub81562	21	M	n/a
Cambridge_sub82113	19	M	n/a
Cambridge_sub82213	20	M	n/a
Cambridge_sub82435	20	M	n/a
Cambridge_sub83409	18	F	n/a
Cambridge_sub83683	22	F	n/a
Cambridge_sub84064	21	F	n/a
Cambridge_sub84256	20	F	n/a
Cambridge_sub84504	18	M	n/a
Cambridge_sub84845	23	M	n/a
Cambridge_sub86115	20	M	n/a
Cambridge_sub86637	21	F	n/a
Cambridge_sub87846	21	F	n/a
Cambridge_sub88445	20	F	n/a
Cambridge_sub88464	20	F	n/a
Cambridge_sub88853	29	F	n/a
Cambridge_sub89107	20	F	n/a
Cambridge_sub89435	18	F	n/a
Cambridge_sub89894	18	M	n/a
Cambridge_sub90059	19	M	n/a
Cambridge_sub90674	20	F	n/a
Cambridge_sub90681	22	M	n/a
Cambridge_sub90699	26	F	n/a
Cambridge_sub92288	23	M	n/a
Cambridge_sub92393	21	M	n/a
Cambridge_sub92440	24	M	n/a
Cambridge_sub93269	22	M	n/a
Cambridge_sub93488	20	M	n/a
Cambridge_sub93609	20	F	n/a
Cambridge_sub94304	22	M	n/a
Cambridge_sub95187	20	F	n/a
Cambridge_sub95644	20	F	n/a
Cambridge_sub95959	21	F	n/a
Cambridge_sub98528	19	F	n/a
Cambridge_sub98624	21	F	n/a
Cambridge_sub99085	20	F	n/a
Cambridge_sub99330	18	M	n/a
Cambridge_sub99462	19	F	n/a
Cleveland_sub02480	56	F	n/a
Cleveland_sub07835	43	M	n/a
Cleveland_sub12330	54	F	n/a
Cleveland_sub13495	45	F	n/a
Cleveland_sub17946	29	F	n/a
Cleveland_sub18011	55	M	n/a
Cleveland_sub18566	33	F	n/a
Cleveland_sub19005	29	M	n/a
Cleveland_sub20003	39	M	n/a
Cleveland_sub22736	28	F	n/a
Cleveland_sub22935	39	F	n/a
Cleveland_sub26557	51	M	n/a
Cleveland_sub28596	24	F	n/a
Cleveland_sub34189	55	M	n/a
Cleveland_sub46075	33	M	n/a
Cleveland_sub46739	60	F	n/a
Cleveland_sub47482	28	F	n/a
Cleveland_sub50092	56	M	n/a
Cleveland_sub58811	36	M	n/a
Cleveland_sub61868	48	M	n/a
Cleveland_sub64706	57	F	n/a
Cleveland_sub65858	53	F	n/a
Cleveland_sub67936	57	F	n/a
Cleveland_sub75398	43	F	n/a
Cleveland_sub76139	41	F	n/a
Cleveland_sub80263	44	F	n/a
Cleveland_sub82518	30	M	n/a
Cleveland_sub85091	52	F	n/a
Cleveland_sub92232	45	F	n/a
Cleveland_sub97844	30	F	n/a
Cleveland_sub99664	57	F	n/a
Dallas_sub04288	24	M	n/a
Dallas_sub05892	56	M	n/a
Dallas_sub16493	56	F	n/a
Dallas_sub19940	71	F	n/a
Dallas_sub25085	56	F	n/a
Dallas_sub32183	26	M	n/a
Dallas_sub32272	27	M	n/a
Dallas_sub40897	65	F	n/a
Dallas_sub45978	26	F	n/a
Dallas_sub51824	28	F	n/a
Dallas_sub57450	26	F	n/a
Dallas_sub58347	20	M	n/a
Dallas_sub58803	21	F	n/a
Dallas_sub59610	23	F	n/a
Dallas_sub71043	52	M	n/a
Dallas_sub77150	64	F	n/a
Dallas_sub79426	71	F	n/a
Dallas_sub80418	58	M	n/a
Dallas_sub81423	64	M	n/a
Dallas_sub83998	21	M	n/a
Dallas_sub85470	69	M	n/a
Dallas_sub88725	21	M	n/a
Dallas_sub89418	20	F	n/a
Dallas_sub92054	58	M	n/a
ICBM_sub00448	n/a	n/a	n/a
ICBM_sub00623	n/a	n/a	n/a
ICBM_sub02382	n/a	n/a	n/a
ICBM_sub02503	n/a	n/a	n/a
ICBM_sub05208	n/a	n/a	n/a
ICBM_sub07286	n/a	n/a	n/a
ICBM_sub08255	n/a	n/a	n/a
ICBM_sub08806	n/a	n/a	n/a
ICBM_sub09539	n/a	n/a	n/a
ICBM_sub10582	n/a	n/a	n/a
ICBM_sub13384	n/a	n/a	n/a
ICBM_sub13478	n/a	n/a	n/a
ICBM_sub13789	n/a	n/a	n/a
ICBM_sub16607	n/a	n/a	n/a
ICBM_sub19395	n/a	n/a	n/a
ICBM_sub20718	n/a	n/a	n/a
ICBM_sub22674	n/a	n/a	n/a
ICBM_sub26183	n/a	n/a	n/a
ICBM_sub26796	n/a	n/a	n/a
ICBM_sub28422	n/a	n/a	n/a
ICBM_sub28795	n/a	n/a	n/a
ICBM_sub28808	n/a	n/a	n/a
ICBM_sub29353	n/a	n/a	n/a
ICBM_sub30003	n/a	n/a	n/a
ICBM_sub30623	n/a	n/a	n/a
ICBM_sub32549	n/a	n/a	n/a
ICBM_sub33677	n/a	n/a	n/a
ICBM_sub34252	n/a	n/a	n/a
ICBM_sub35262	n/a	n/a	n/a
ICBM_sub35370	n/a	n/a	n/a
ICBM_sub37140	n/a	n/a	n/a
ICBM_sub40217	n/a	n/a	n/a
ICBM_sub40482	n/a	n/a	n/a
ICBM_sub41546	n/a	n/a	n/a
ICBM_sub41764	n/a	n/a	n/a
ICBM_sub44077	n/a	n/a	n/a
ICBM_sub44395	n/a	n/a	n/a
ICBM_sub47658	n/a	n/a	n/a
ICBM_sub47753	n/a	n/a	n/a
ICBM_sub48210	n/a	n/a	n/a
ICBM_sub48830	n/a	n/a	n/a
ICBM_sub49215	n/a	n/a	n/a
ICBM_sub51677	n/a	n/a	n/a
ICBM_sub53282	n/a	n/a	n/a
ICBM_sub53801	n/a	n/a	n/a
ICBM_sub54887	n/a	n/a	n/a
ICBM_sub55114	n/a	n/a	n/a
ICBM_sub55656	n/a	n/a	n/a
ICBM_sub57738	n/a	n/a	n/a
ICBM_sub59589	n/a	n/a	n/a
ICBM_sub59739	n/a	n/a	n/a
ICBM_sub59914	n/a	n/a	n/a
ICBM_sub62937	n/a	n/a	n/a
ICBM_sub63280	n/a	n/a	n/a
ICBM_sub65921	n/a	n/a	n/a
ICBM_sub66085	n/a	n/a	n/a
ICBM_sub66794	n/a	n/a	n/a
ICBM_sub68850	n/a	n/a	n/a
ICBM_sub70595	n/a	n/a	n/a
ICBM_sub71932	n/a	n/a	n/a
ICBM_sub72135	n/a	n/a	n/a
ICBM_sub73490	n/a	n/a	n/a
ICBM_sub76325	n/a	n/a	n/a
ICBM_sub76678	n/a	n/a	n/a
ICBM_sub77431	n/a	n/a	n/a
ICBM_sub78297	n/a	n/a	n/a
ICBM_sub82221	n/a	n/a	n/a
ICBM_sub82228	n/a	n/a	n/a
ICBM_sub82754	n/a	n/a	n/a
ICBM_sub85442	n/a	n/a	n/a
ICBM_sub86203	n/a	n/a	n/a
ICBM_sub86516	n/a	n/a	n/a
ICBM_sub86665	n/a	n/a	n/a
ICBM_sub87217	n/a	n/a	n/a
ICBM_sub89049	n/a	n/a	n/a
ICBM_sub92028	n/a	n/a	n/a
ICBM_sub93262	n/a	n/a	n/a
ICBM_sub93975	n/a	n/a	n/a
ICBM_sub94103	n/a	n/a	n/a
ICBM_sub94169	n/a	n/a	n/a
ICBM_sub94945	n/a	n/a	n/a
ICBM_sub95400	n/a	n/a	n/a
ICBM_sub95971	n/a	n/a	n/a
ICBM_sub97008	n/a	n/a	n/a
ICBM_sub98317	n/a	n/a	n/a
ICBM_sub98802	n/a	n/a	n/a
Leiden_sub01553	20	M	n/a
Leiden_sub01787	20	F	n/a
Leiden_sub04484	22	F	n/a
Leiden_sub08518	21	M	n/a
Leiden_sub09796	23	M	n/a
Leiden_sub10481	24	M	n/a
Leiden_sub12255	25	M	n/a
Leiden_sub13537	21	M	n/a
Leiden_sub18456	21	M	n/a
Leiden_sub19281	20	M	n/a
Leiden_sub28473	23	M	n/a
Leiden_sub30943	18	M	n/a
Leiden_sub36743	25	M	n/a
Leiden_sub38454	21	M	n/a
Leiden_sub39335	22	F	n/a
Leiden_sub40907	20	F	n/a
Leiden_sub52853	27	M	n/a
Leiden_sub52922	20	M	n/a
Leiden_sub56299	21	M	n/a
Leiden_sub57187	26	F	n/a
Leiden_sub58194	27	M	n/a
Leiden_sub64642	21	F	n/a
Leiden_sub66131	19	M	n/a
Leiden_sub68050	25	M	n/a
Leiden_sub72247	20	M	n/a
Leiden_sub86034	21	M	n/a
Leiden_sub87320	22	F	n/a
Leiden_sub92061	28	M	n/a
Leiden_sub93194	20	M	n/a
Leiden_sub97690	21	F	n/a
Leiden_sub99856	24	M	n/a
Leipzig_sub00321	22	F	n/a
Leipzig_sub01002	28	F	n/a
Leipzig_sub02075	27	M	n/a
Leipzig_sub07097	35	M	n/a
Leipzig_sub07374	28	F	n/a
Leipzig_sub07516	24	M	n/a
Leipzig_sub07786	31	F	n/a
Leipzig_sub18698	30	F	n/a
Leipzig_sub23427	20	F	n/a
Leipzig_sub25344	22	M	n/a
Leipzig_sub31577	24	M	n/a
Leipzig_sub31637	23	M	n/a
Leipzig_sub36858	38	M	n/a
Leipzig_sub37308	21	F	n/a
Leipzig_sub41241	34	F	n/a
Leipzig_sub47452	42	M	n/a
Leipzig_sub49383	26	F	n/a
Leipzig_sub52507	28	F	n/a
Leipzig_sub52858	25	M	n/a
Leipzig_sub53063	25	F	n/a
Leipzig_sub53394	23	M	n/a
Leipzig_sub59494	26	F	n/a
Leipzig_sub59709	32	F	n/a
Leipzig_sub59861	26	F	n/a
Leipzig_sub61373	24	M	n/a
Leipzig_sub63957	24	F	n/a
Leipzig_sub64446	23	F	n/a
Leipzig_sub72508	21	M	n/a
Leipzig_sub75022	20	F	n/a
Leipzig_sub75886	25	M	n/a
Leipzig_sub77802	25	F	n/a
Leipzig_sub80206	23	F	n/a
Leipzig_sub80552	26	F	n/a
Leipzig_sub85213	31	M	n/a
Leipzig_sub90843	23	M	n/a
Leipzig_sub92903	23	F	n/a
Leipzig_sub94784	22	M	n/a
Milwaukee_sub00917	54	F	n/a
Milwaukee_sub09931	48	M	n/a
Milwaukee_sub14055	n/a	n/a	n/a
Milwaukee_sub14692	53	F	n/a
Milwaukee_sub16666	47	F	n/a
Milwaukee_sub17004	57	M	n/a
Milwaukee_sub17987	47	M	n/a
Milwaukee_sub18955	53	F	n/a
Milwaukee_sub21350	61	F	n/a
Milwaukee_sub23607	48	F	n/a
Milwaukee_sub24237	52	F	n/a
Milwaukee_sub27910	n/a	n/a	n/a
Milwaukee_sub28782	64	F	n/a
Milwaukee_sub28859	n/a	n/a	n/a
Milwaukee_sub30157	54	M	n/a
Milwaukee_sub34838	n/a	n/a	n/a
Milwaukee_sub36386	57	M	n/a
Milwaukee_sub39259	53	F	n/a
Milwaukee_sub39974	n/a	n/a	n/a
Milwaukee_sub44129	n/a	n/a	n/a
Milwaukee_sub44912	49	F	n/a
Milwaukee_sub45019	44	F	n/a
Milwaukee_sub45852	63	F	n/a
Milwaukee_sub46312	51	F	n/a
Milwaukee_sub47640	n/a	n/a	n/a
Milwaukee_sub49975	46	M	n/a
Milwaukee_sub50276	n/a	n/a	n/a
Milwaukee_sub50771	53	F	n/a
Milwaukee_sub51182	57	M	n/a
Milwaukee_sub53971	47	F	n/a
Milwaukee_sub55176	63	F	n/a
Milwaukee_sub55712	n/a	n/a	n/a
Milwaukee_sub56084	53	M	n/a
Milwaukee_sub56108	51	F	n/a
Milwaukee_sub56333	53	M	n/a
Milwaukee_sub56582	57	F	n/a
Milwaukee_sub58677	46	F	n/a
Milwaukee_sub58967	61	F	n/a
Milwaukee_sub59359	51	F	n/a
Milwaukee_sub61779	56	F	n/a
Milwaukee_sub63196	49	F	n/a
Milwaukee_sub64463	52	M	n/a
Milwaukee_sub67948	48	M	n/a
Milwaukee_sub68961	n/a	n/a	n/a
Milwaukee_sub73547	55	F	n/a
Milwaukee_sub75919	50	F	n/a
Milwaukee_sub76042	58	F	n/a
Milwaukee_sub76378	52	F	n/a
Milwaukee_sub77073	52	F	n/a
Milwaukee_sub77622	n/a	n/a	n/a
Milwaukee_sub78339	n/a	n/a	n/a
Milwaukee_sub78549	n/a	n/a	n/a
Milwaukee_sub79672	n/a	n/a	n/a
Milwaukee_sub84314	58	M	n/a
Milwaukee_sub86308	n/a	n/a	n/a
Milwaukee_sub87784	58	M	n/a
Milwaukee_sub87910	47	M	n/a
Milwaukee_sub90565	n/a	n/a	n/a
Milwaukee_sub91468	44	M	n/a
Milwaukee_sub92023	n/a	n/a	n/a
Milwaukee_sub93170	65	F	n/a
Milwaukee_sub98971	63	F	n/a
Milwaukee_sub99479	65	F	n/a
Milwaukee_sub99558	n/a	n/a	n/a
Munchen_sub09035	70	M	n/a
Munchen_sub26223	65	M	n/a
Munchen_sub26670	64	M	n/a
Munchen_sub28697	73	F	n/a
Munchen_sub28902	65	M	n/a
Munchen_sub31272	74	M	n/a
Munchen_sub36052	63	F	n/a
Munchen_sub50162	73	M	n/a
Munchen_sub64202	67	F	n/a
Munchen_sub66933	72	M	n/a
Munchen_sub70942	70	M	n/a
Munchen_sub72095	71	F	n/a
Munchen_sub74607	65	M	n/a
Munchen_sub81737	67	F	n/a
Munchen_sub96591	73	M	n/a
Munchen_sub96752	63	F	n/a
NewHaven_sub01183	22	F	n/a
NewHaven_sub10033	23	M	n/a
NewHaven_sub13647	43	F	n/a
NewHaven_sub16182	22	M	n/a
NewHaven_sub17210	31	F	n/a
NewHaven_sub21671	43	M	n/a
NewHaven_sub22732	27	M	n/a
NewHaven_sub26207	48	M	n/a
NewHaven_sub26868	35	M	n/a
NewHaven_sub29140	18	M	n/a
NewHaven_sub29477	32	F	n/a
NewHaven_sub29510	18	F	n/a
NewHaven_sub31815	42	M	n/a
NewHaven_sub35414	24	M	n/a
NewHaven_sub41042	25	M	n/a
NewHaven_sub43589	45	F	n/a
NewHaven_sub47200	31	F	n/a
NewHaven_sub47998	25	F	n/a
NewHaven_sub49611	27	F	n/a
NewHaven_sub51881	22	M	n/a
NewHaven_sub53817	26	M	n/a
NewHaven_sub55899	41	M	n/a
NewHaven_sub58306	29	F	n/a
NewHaven_sub60809	36	M	n/a
NewHaven_sub64608	20	F	n/a
NewHaven_sub72884	38	M	n/a
NewHaven_sub73603	29	F	n/a
NewHaven_sub75151	18	M	n/a
NewHaven_sub84035	21	M	n/a
NewHaven_sub87964	21	F	n/a
NewHaven_sub89905	26	M	n/a
NewHaven_sub91269	23	F	n/a
NewHaven_sub95840	43	F	n/a
NewHaven_sub98941	23	F	n/a
NewHaven_sub99357	22	F	n/a
NewYork_sub01912	31	M	n/a
NewYork_sub02503	9	M	n/a
NewYork_sub03951	37	M	n/a
NewYork_sub04856	9	M	n/a
NewYork_sub05208	23	F	n/a
NewYork_sub05669	n/a	n/a	n/a
NewYork_sub06021	45	M	n/a
NewYork_sub07578	20	F	n/a
NewYork_sub08595	23	M	n/a
NewYork_sub09539	21	F	n/a
NewYork_sub10011	40	F	n/a
NewYork_sub10582	47	M	n/a
NewYork_sub12486	40	M	n/a
NewYork_sub13384	28	F	n/a
NewYork_sub14299	24	F	n/a
NewYork_sub14465	47	M	n/a
NewYork_sub15213	16	M	n/a
NewYork_sub15758	32	M	n/a
NewYork_sub16607	21	M	n/a
NewYork_sub17078	34	M	n/a
NewYork_sub17109	46	M	n/a
NewYork_sub18638	23	M	n/a
NewYork_sub19579	46	M	n/a
NewYork_sub20676	49	M	n/a
NewYork_sub20691	26	M	n/a
NewYork_sub20732	11	M	n/a
NewYork_sub21212	30	M	n/a
NewYork_sub22349	26	M	n/a
NewYork_sub22608	23	F	n/a
NewYork_sub23844	20	F	n/a
NewYork_sub24528	45	M	n/a
NewYork_sub26267	15	F	n/a
NewYork_sub27123	23	M	n/a
NewYork_sub27813	n/a	n/a	n/a
NewYork_sub28470	n/a	n/a	n/a
NewYork_sub28795	10	M	n/a
NewYork_sub28808	23	F	n/a
NewYork_sub29216	29	M	n/a
NewYork_sub29353	21	F	n/a
NewYork_sub29935	16	F	n/a
NewYork_sub30247	24	F	n/a
NewYork_sub30623	26	F	n/a
NewYork_sub30860	35	F	n/a
NewYork_sub31331	n/a	n/a	n/a
NewYork_sub31554	24	F	n/a
NewYork_sub31671	12	M	n/a
NewYork_sub32574	n/a	n/a	n/a
NewYork_sub33062	34	F	n/a
NewYork_sub33581	49	M	n/a
NewYork_sub35262	28	F	n/a
NewYork_sub37864	41	F	n/a
NewYork_sub38088	16	M	n/a
NewYork_sub41546	24	F	n/a
NewYork_sub44395	21	M	n/a
NewYork_sub44515	25	M	n/a
NewYork_sub44979	15	F	n/a
NewYork_sub45217	40	M	n/a
NewYork_sub46856	8	F	n/a
NewYork_sub47087	25	M	n/a
NewYork_sub47633	37	F	n/a
NewYork_sub48803	37	M	n/a
NewYork_sub48830	22	F	n/a
NewYork_sub50559	22	M	n/a
NewYork_sub51309	27	F	n/a
NewYork_sub51677	25	F	n/a
NewYork_sub53461	27	M	n/a
NewYork_sub53710	34	F	n/a
NewYork_sub54541	7	F	n/a
NewYork_sub54696	32	M	n/a
NewYork_sub54828	41	M	n/a
NewYork_sub54887	27	F	n/a
NewYork_sub55656	22	M	n/a
NewYork_sub56734	50	F	n/a
NewYork_sub58313	16	M	n/a
NewYork_sub58451	41	M	n/a
NewYork_sub59589	14	M	n/a
NewYork_sub59796	34	M	n/a
NewYork_sub61001	13	M	n/a
NewYork_sub61241	15	F	n/a
NewYork_sub62019	n/a	n/a	n/a
NewYork_sub63280	25	M	n/a
NewYork_sub63915	44	M	n/a
NewYork_sub64439	45	F	n/a
NewYork_sub66085	24	M	n/a
NewYork_sub66794	23	F	n/a
NewYork_sub66941	14	M	n/a
NewYork_sub67196	n/a	n/a	n/a
NewYork_sub67450	n/a	n/a	n/a
NewYork_sub69779	40	M	n/a
NewYork_sub70566	25	F	n/a
NewYork_sub70752	15	F	n/a
NewYork_sub72729	n/a	n/a	n/a
NewYork_sub73035	26	M	n/a
NewYork_sub73490	12	M	n/a
NewYork_sub75883	n/a	n/a	n/a
NewYork_sub77203	40	M	n/a
NewYork_sub77903	24	M	n/a
NewYork_sub78118	n/a	n/a	n/a
NewYork_sub80566	26	M	n/a
NewYork_sub82228	35	M	n/a
NewYork_sub82716	30	F	n/a
NewYork_sub82754	23	F	n/a
NewYork_sub83453	n/a	n/a	n/a
NewYork_sub83782	25	M	n/a
NewYork_sub83978	25	M	n/a
NewYork_sub84224	27	F	n/a
NewYork_sub84371	38	M	n/a
NewYork_sub84858	n/a	n/a	n/a
NewYork_sub84978	12	F	n/a
NewYork_sub85778	n/a	n/a	n/a
NewYork_sub87217	28	F	n/a
NewYork_sub88220	n/a	n/a	n/a
NewYork_sub88286	15	F	n/a
NewYork_sub89853	n/a	n/a	n/a
NewYork_sub91196	9	M	n/a
NewYork_sub91953	49	F	n/a
NewYork_sub93262	22	F	n/a
NewYork_sub93351	n/a	n/a	n/a
NewYork_sub93975	12	F	n/a
NewYork_sub94169	24	F	n/a
NewYork_sub94368	n/a	n/a	n/a
NewYork_sub94945	26	F	n/a
NewYork_sub95971	27	M	n/a
NewYork_sub96705	13	M	n/a
NewYork_sub97008	23	M	n/a
NewYork_sub97881	40	M	n/a
NewYork_sub98061	9	M	n/a
NewYork_sub98076	22	M	n/a
NewYork_sub98802	19	M	n/a
Newark_sub13411	23	M	n/a
Newark_sub32580	26	F	n/a
Newark_sub36023	21	M	n/a
Newark_sub41006	22	M	n/a
Newark_sub43517	22	F	n/a
Newark_sub46570	39	M	n/a
Newark_sub49705	24	F	n/a
Newark_sub53422	24	M	n/a
Newark_sub54933	26	F	n/a
Newark_sub55760	24	M	n/a
Newark_sub58526	25	F	n/a
Newark_sub59397	24	F	n/a
Newark_sub59799	22	F	n/a
Newark_sub62985	25	F	n/a
Newark_sub71042	21	F	n/a
Newark_sub71743	22	M	n/a
Newark_sub76647	23	F	n/a
Newark_sub78225	22	M	n/a
Newark_sub86204	23	M	n/a
Ontario_sub02052	n/a	n/a	n/a
Ontario_sub39931	n/a	n/a	n/a
Ontario_sub48585	n/a	n/a	n/a
Ontario_sub50514	n/a	n/a	n/a
Ontario_sub61574	n/a	n/a	n/a
Ontario_sub71760	n/a	n/a	n/a
Ontario_sub72243	n/a	n/a	n/a
Ontario_sub75684	n/a	n/a	n/a
Ontario_sub81532	n/a	n/a	n/a
Ontario_sub89640	n/a	n/a	n/a
Ontario_sub94652	n/a	n/a	n/a
Orangeburg_sub05191	25	M	n/a
Orangeburg_sub05818	36	M	n/a
Orangeburg_sub06046	44	M	n/a
Orangeburg_sub21944	50	F	n/a
Orangeburg_sub22676	20	F	n/a
Orangeburg_sub28020	52	M	n/a
Orangeburg_sub47907	38	M	n/a
Orangeburg_sub53000	54	M	n/a
Orangeburg_sub59719	26	M	n/a
Orangeburg_sub65250	29	M	n/a
Orangeburg_sub69020	31	F	n/a
Orangeburg_sub69455	29	M	n/a
Orangeburg_sub74164	43	M	n/a
Orangeburg_sub80895	53	M	n/a
Orangeburg_sub83067	45	M	n/a
Orangeburg_sub86398	55	M	n/a
Orangeburg_sub87091	38	M	n/a
Orangeburg_sub87309	43	M	n/a
Orangeburg_sub90917	54	F	n/a
Orangeburg_sub98894	48	F	n/a
Oulu_sub01077	21	F	R
Oulu_sub01241	21	F	R
Oulu_sub01261	20	M	R
Oulu_sub01679	22	M	R
Oulu_sub02036	22	F	R
Oulu_sub05081	21	M	R
Oulu_sub06307	21	M	R
Oulu_sub07552	22	F	L
Oulu_sub07876	21	F	R
Oulu_sub07946	22	F	R
Oulu_sub10958	21	F	R
Oulu_sub12060	22	F	R
Oulu_sub12126	22	F	L
Oulu_sub12152	21	M	R
Oulu_sub12379	22	F	R
Oulu_sub14473	21	F	R
Oulu_sub14725	21	M	L
Oulu_sub15128	20	F	R
Oulu_sub15422	21	F	R
Oulu_sub15497	22	F	L
Oulu_sub16378	21	M	R
Oulu_sub18356	21	M	L
Oulu_sub19159	21	F	R
Oulu_sub19971	22	F	R
Oulu_sub20495	22	F	R
Oulu_sub20926	21	M	R
Oulu_sub21499	22	F	R
Oulu_sub21502	21	M	R
Oulu_sub22180	22	M	R
Oulu_sub23392	22	F	R
Oulu_sub24781	22	F	R
Oulu_sub25331	22	F	R
Oulu_sub26554	22	M	R
Oulu_sub27274	21	M	R
Oulu_sub27392	22	F	R
Oulu_sub29793	22	F	R
Oulu_sub31444	22	M	R
Oulu_sub32052	22	F	R
Oulu_sub32596	22	M	R
Oulu_sub33176	22	F	R
Oulu_sub35020	21	M	R
Oulu_sub35232	21	M	R
Oulu_sub35967	22	F	R
Oulu_sub39346	22	M	L
Oulu_sub39460	21	M	R
Oulu_sub40619	22	F	R
Oulu_sub41433	21	F	R
Oulu_sub41724	22	M	R
Oulu_sub41731	22	F	R
Oulu_sub42178	22	F	R
Oulu_sub43055	22	F	R
Oulu_sub43803	22	F	R
Oulu_sub45566	22	M	R
Oulu_sub46973	21	M	R
Oulu_sub47094	21	M	R
Oulu_sub49227	21	F	R
Oulu_sub50637	21	F	R
Oulu_sub51387	21	F	R
Oulu_sub57150	22	F	L
Oulu_sub58867	21	F	R
Oulu_sub62124	20	F	R
Oulu_sub63516	22	M	R
Oulu_sub65041	21	M	R
Oulu_sub65461	22	F	R
Oulu_sub66467	21	F	R
Oulu_sub68752	22	F	R
Oulu_sub69925	22	F	R
Oulu_sub72000	23	M	R
Oulu_sub72795	21	F	R
Oulu_sub73221	22	F	R
Oulu_sub73709	22	F	R
Oulu_sub73853	21	M	R
Oulu_sub74276	22	F	R
Oulu_sub74941	21	F	L
Oulu_sub75293	21	M	L
Oulu_sub75361	22	M	R
Oulu_sub75620	22	F	R
Oulu_sub76935	21	F	R
Oulu_sub77629	22	F	R
Oulu_sub78282	22	F	R
Oulu_sub78327	22	M	R
Oulu_sub78648	21	F	R
Oulu_sub79784	21	F	R
Oulu_sub84631	21	M	L
Oulu_sub85532	22	F	R
Oulu_sub86362	22	F	R
Oulu_sub86410	22	F	R
Oulu_sub86559	22	F	R
Oulu_sub89213	22	M	R
Oulu_sub90623	21	F	R
Oulu_sub91105	22	M	R
Oulu_sub91222	22	F	R
Oulu_sub91232	22	F	R
Oulu_sub94314	21	F	R
Oulu_sub95854	21	F	R
Oulu_sub96080	21	F	L
Oulu_sub96197	21	M	R
Oulu_sub98146	22	F	R
Oulu_sub98207	21	M	R
Oulu_sub98439	21	M	L
Oulu_sub98661	21	F	R
Oulu_sub98739	22	M	R
Oulu_sub99718	22	F	R
Oxford_sub02248	20	M	n/a
Oxford_sub07210	32	F	n/a
Oxford_sub13304	35	F	n/a
Oxford_sub16112	21	F	n/a
Oxford_sub17516	31	M	n/a
Oxford_sub23740	27	F	n/a
Oxford_sub24528	29	M	n/a
Oxford_sub40095	27	F	n/a
Oxford_sub40451	34	M	n/a
Oxford_sub47141	29	F	n/a
Oxford_sub48778	27	M	n/a
Oxford_sub56945	30	M	n/a
Oxford_sub57368	25	F	n/a
Oxford_sub66945	31	M	n/a
Oxford_sub68195	29	M	n/a
Oxford_sub71633	29	F	n/a
Oxford_sub74429	28	M	n/a
Oxford_sub76621	27	M	n/a
Oxford_sub79611	30	M	n/a
Oxford_sub80089	31	F	n/a
Oxford_sub82071	31	M	n/a
Oxford_sub85152	35	F	n/a
PaloAlto_sub04856	46	F	n/a
PaloAlto_sub15213	32	F	n/a
PaloAlto_sub20732	41	F	n/a
PaloAlto_sub29935	33	F	n/a
PaloAlto_sub38088	38	F	n/a
PaloAlto_sub46856	22	F	n/a
PaloAlto_sub54541	26	F	n/a
PaloAlto_sub58313	25	F	n/a
PaloAlto_sub61001	31	F	n/a
PaloAlto_sub61241	30	F	n/a
PaloAlto_sub66941	42	F	n/a
PaloAlto_sub70752	39	M	n/a
PaloAlto_sub84978	46	F	n/a
PaloAlto_sub88286	23	F	n/a
PaloAlto_sub91196	23	M	n/a
PaloAlto_sub96705	29	F	n/a
PaloAlto_sub98061	26	F	n/a
Pittsburgh_sub01891	27	M	n/a
Pittsburgh_sub04650	52	F	n/a
Pittsburgh_sub09644	39	F	n/a
Pittsburgh_sub13430	54	F	n/a
Pittsburgh_sub15175	39	M	n/a
Pittsburgh_sub15526	44	F	n/a
Pittsburgh_sub24916	42	M	n/a
Pittsburgh_sub40381	28	M	n/a
Pittsburgh_sub44558	42	F	n/a
Pittsburgh_sub52882	28	M	n/a
Pittsburgh_sub61886	41	F	n/a
Pittsburgh_sub74624	33	M	n/a
Pittsburgh_sub76134	41	M	n/a
Pittsburgh_sub76950	38	F	n/a
Pittsburgh_sub94205	25	M	n/a
Pittsburgh_sub95671	25	M	n/a
Pittsburgh_sub97823	47	M	n/a
Queensland_sub02459	26	M	n/a
Queensland_sub04117	26	F	n/a
Queensland_sub16164	27	M	n/a
Queensland_sub16849	34	M	n/a
Queensland_sub36229	34	M	n/a
Queensland_sub39524	27	F	n/a
Queensland_sub42533	23	F	n/a
Queensland_sub47468	23	M	n/a
Queensland_sub49845	24	M	n/a
Queensland_sub56353	32	M	n/a
Queensland_sub66095	25	M	n/a
Queensland_sub68733	20	F	n/a
Queensland_sub70014	24	F	n/a
Queensland_sub72118	28	M	n/a
Queensland_sub80254	26	F	n/a
Queensland_sub86245	23	M	n/a
Queensland_sub86850	24	M	n/a
Queensland_sub88169	26	F	n/a
Queensland_sub93238	21	F	n/a
SaintLouis_sub02115	23	F	n/a
SaintLouis_sub02142	21	F	n/a
SaintLouis_sub03345	25	M	n/a
SaintLouis_sub12941	26	F	n/a
SaintLouis_sub16236	25	M	n/a
SaintLouis_sub26219	28	M	n/a
SaintLouis_sub26678	24	F	n/a
SaintLouis_sub28304	21	F	n/a
SaintLouis_sub35127	28	M	n/a
SaintLouis_sub35575	23	M	n/a
SaintLouis_sub45636	24	F	n/a
SaintLouis_sub46405	23	F	n/a
SaintLouis_sub49563	26	F	n/a
SaintLouis_sub52065	26	M	n/a
SaintLouis_sub53324	27	M	n/a
SaintLouis_sub58674	28	F	n/a
SaintLouis_sub61357	21	F	n/a
SaintLouis_sub73002	25	M	n/a
SaintLouis_sub73125	25	M	n/a
SaintLouis_sub73471	27	M	n/a
SaintLouis_sub74078	26	F	n/a
SaintLouis_sub80832	26	F	n/a
SaintLouis_sub82830	23	F	n/a
SaintLouis_sub88150	26	F	n/a
SaintLouis_sub88823	27	M	n/a
SaintLouis_sub95001	28	M	n/a
SaintLouis_sub95721	21	F	n/a
SaintLouis_sub95786	26	M	n/a
SaintLouis_sub95967	27	M	n/a
SaintLouis_sub97935	29	F	n/a
SaintLouis_sub99965	23	F	n/a
Taipei_sub03537	n/a	n/a	n/a
Taipei_sub06372	n/a	n/a	n/a
Taipei_sub08358	n/a	n/a	n/a
Taipei_sub08464	n/a	n/a	n/a
Taipei_sub08839	n/a	n/a	n/a
Taipei_sub18999	n/a	n/a	n/a
Taipei_sub26163	n/a	n/a	n/a
Taipei_sub32589	n/a	n/a	n/a
Taipei_sub33393	n/a	n/a	n/a
Taipei_sub35419	n/a	n/a	n/a
Taipei_sub35634	n/a	n/a	n/a
Taipei_sub40471	n/a	n/a	n/a
Taipei_sub43181	n/a	n/a	n/a
Taipei_sub45138	n/a	n/a	n/a
Taipei_sub57464	n/a	n/a	n/a
Taipei_sub58177	n/a	n/a	n/a
Taipei_sub63137	n/a	n/a	n/a
Taipei_sub65065	n/a	n/a	n/a
Taipei_sub75361	n/a	n/a	n/a
Taipei_sub79988	n/a	n/a	n/a
Taipei_sub87307	n/a	n/a	n/a
Taipei_sub91183	n/a	n/a	n/a
